Rank,Name,Platform,Year,Genre,Publisher,NA_Sales,EU_Sales,JP_Sales,Other_Sales,Global_Sales
34,Call of Duty: Black Ops 3,PS4,2015,Shooter,Activision,5.77,5.81,0.35,2.31,14.24
78,FIFA 16,PS4,2015,Sports,Electronic Arts,1.11,6.06,0.06,1.26,8.49
93,Star Wars Battlefront (2015),PS4,2015,Shooter,Electronic Arts,2.93,3.29,0.22,1.23,7.67
102,Call of Duty: Black Ops 3,XOne,2015,Shooter,Activision,4.52,2.09,0.01,0.67,7.3
110,Fallout 4,PS4,2015,Role-Playing,Bethesda Softworks,2.47,3.15,0.24,1.1,6.96
236,Splatoon,WiiU,2015,Shooter,Nintendo,1.55,1.15,1.44,0.43,4.57
244,Uncharted: The Nathan Drake Collection,PS4,2015,Action,Sony Computer Entertainment,1.96,1.69,0.08,0.74,4.47
261,Halo 5: Guardians,XOne,2015,Shooter,Microsoft Game Studios,2.64,1.2,0.03,0.39,4.26
288,Fallout 4,XOne,2015,Role-Playing,Bethesda Softworks,2.45,1.26,0.01,0.37,4.09
315,NBA 2K16,PS4,2015,Sports,Take-Two Interactive,2.48,0.65,0.03,0.69,3.85
323,Batman: Arkham Knight,PS4,2015,Action,Warner Bros. Interactive Entertainment,1.49,1.58,0.1,0.61,3.79
332,The Witcher 3: Wild Hunt,PS4,2015,Role-Playing,Namco Bandai Games,0.96,2,0.21,0.56,3.73
379,Star Wars Battlefront (2015),XOne,2015,Shooter,Electronic Arts,1.94,1.22,0.02,0.31,3.49
396,Metal Gear Solid V: The Phantom Pain,PS4,2015,Action,Konami Digital Entertainment,1.08,1.35,0.48,0.47,3.38
410,Assassin's Creed Syndicate,PS4,2015,Action,Ubisoft,0.8,1.92,0.06,0.5,3.28
415,Monster Hunter X,3DS,2015,Action,Capcom,0.25,0.19,2.78,0.04,3.26
417,FIFA 16,XOne,2015,Sports,Electronic Arts,0.88,2.11,0,0.23,3.23
419,Madden NFL 16,PS4,2015,Sports,Electronic Arts,2.33,0.3,0,0.59,3.22
430,Super Mario Maker,WiiU,2015,Platform,Nintendo,1.18,0.87,0.93,0.2,3.18
468,Gears of War: Ultimate Edition,XOne,2015,Shooter,Microsoft Game Studios,2.38,0.32,0,0.31,3
477,Animal Crossing: Happy Home Designer,3DS,2015,Simulation,Nintendo,0.47,1,1.39,0.12,2.98
514,FIFA 16,PS3,2015,Sports,Electronic Arts,0.4,1.98,0.05,0.42,2.85
554,Mortal Kombat X,PS4,2015,Fighting,Warner Bros. Interactive Entertainment,1.47,0.76,0,0.47,2.7
646,Madden NFL 16,XOne,2015,Sports,Electronic Arts,2.07,0.08,0,0.26,2.4
651,Need for Speed (2015),PS4,2015,Racing,Electronic Arts,0.49,1.49,0.05,0.36,2.39
662,Bloodborne,PS4,2015,Action,Sony Computer Entertainment,1,0.76,0.26,0.36,2.38
682,The Legend of Zelda: Majora's Mask 3D,3DS,2015,Action,Nintendo,1.14,0.54,0.47,0.17,2.32
683,NBA 2K16,XOne,2015,Sports,Take-Two Interactive,1.93,0.14,0,0.24,2.32
701,Yokai Watch Busters,3DS,2015,Action,Level 5,0,0,2.28,0,2.28
760,Tom Clancy's Rainbow Six: Siege,PS4,2015,Shooter,Ubisoft,0.54,1.16,0.13,0.32,2.15
799,Battlefield: Hardline,PS4,2015,Shooter,Electronic Arts,0.7,0.93,0.14,0.32,2.09
907,Destiny: The Taken King,PS4,2015,Shooter,Activision,0.77,0.78,0.04,0.31,1.91
949,Just Cause 3,PS4,2015,Action,Square Enix,0.46,1.02,0.07,0.28,1.83
969,Call of Duty: Black Ops 3,PS3,2015,Shooter,Activision,0.49,0.96,0.07,0.27,1.79
1001,Call of Duty: Black Ops 3,X360,2015,Shooter,Activision,1.11,0.48,0,0.16,1.76
1020,Forza Motorsport 6,XOne,2015,Racing,Microsoft Game Studios,0.69,0.89,0.03,0.14,1.74
1035,The Order: 1886,PS4,2015,Shooter,Sony Computer Entertainment,0.61,0.78,0.06,0.27,1.72
1036,The Elder Scrolls Online,PS4,2015,Role-Playing,Bethesda Softworks,0.66,0.78,0,0.28,1.72
1065,FIFA 16,X360,2015,Sports,Electronic Arts,0.55,1.01,0,0.13,1.69
1099,Dying Light,PS4,2015,Action,Warner Bros. Interactive Entertainment,0.63,0.66,0.11,0.26,1.66
1124,Until Dawn,PS4,2015,Adventure,Sony Computer Entertainment Europe,0.44,0.89,0.05,0.25,1.64
1209,Mario Party 10,WiiU,2015,Misc,Nintendo,0.69,0.5,0.24,0.11,1.55
1212,Fire Emblem Fates,3DS,2015,Role-Playing,Nintendo,0.71,0.22,0.52,0.1,1.54
1319,Batman: Arkham Knight,XOne,2015,Action,Warner Bros. Interactive Entertainment,0.86,0.46,0,0.13,1.45
1446,Mortal Kombat X,XOne,2015,Fighting,Warner Bros. Interactive Entertainment,1,0.21,0,0.13,1.35
1526,Rise of the Tomb Raider,XOne,2015,Adventure,Square Enix,0.53,0.64,0.02,0.1,1.3
1528,Yoshi's Woolly World,WiiU,2015,Platform,Nintendo,0.61,0.47,0.11,0.1,1.29
1533,Tom Clancy's Rainbow Six: Siege,XOne,2015,Shooter,Ubisoft,0.73,0.44,0,0.12,1.29
1545,Assassin's Creed Syndicate,XOne,2015,Action,Ubisoft,0.61,0.56,0,0.11,1.28
1563,The Elder Scrolls Online,XOne,2015,Role-Playing,Bethesda Softworks,0.77,0.38,0,0.12,1.27
1607,The Witcher 3: Wild Hunt,XOne,2015,Role-Playing,Namco Bandai Games,0.66,0.47,0,0.11,1.24
1632,Fallout 4,PC,2015,Role-Playing,Bethesda Softworks,0.5,0.63,0,0.1,1.23
1672,Just Dance 2016,Wii,2015,Misc,Ubisoft,0.52,0.59,0,0.1,1.2
1674,Battlefield: Hardline,XOne,2015,Shooter,Electronic Arts,0.72,0.37,0.01,0.11,1.2
1675,WWE 2K16,PS4,2015,Sports,Take-Two Interactive,0.41,0.6,0,0.19,1.2
1704,Pokemon Super Mystery Dungeon,3DS,2015,Role-Playing,Nintendo,0.46,0.31,0.33,0.08,1.19
1739,Destiny: The Taken King,XOne,2015,Shooter,Activision,0.82,0.23,0,0.11,1.17
1834,Mad Max (2015),PS4,2015,Action,Warner Bros. Interactive Entertainment,0.32,0.58,0.04,0.17,1.11
1852,The Legend of Zelda: Tri Force Heroes,3DS,2015,Action,Nintendo,0.52,0.33,0.17,0.08,1.1
1898,Grand Theft Auto V,PC,2015,Action,Take-Two Interactive,0.36,0.64,0,0.08,1.08
1979,Dragon Ball: XenoVerse,PS4,2015,Fighting,Namco Bandai Games,0.3,0.48,0.12,0.15,1.05
2006,Project CARS,PS4,2015,Racing,Slightly Mad Studios,0.17,0.69,0.02,0.15,1.04
2125,Madden NFL 16,X360,2015,Sports,Electronic Arts,0.82,0.05,0,0.1,0.98
2129,Final Fantasy Type-0,PS4,2015,Role-Playing,Square Enix,0.37,0.32,0.15,0.14,0.97
2141,NBA 2K16,X360,2015,Sports,Take-Two Interactive,0.77,0.1,0,0.1,0.97
2173,LEGO Jurassic World,X360,2015,Action,Warner Bros. Interactive Entertainment,0.47,0.4,0,0.08,0.95
2190,Evolve,PS4,2015,Shooter,Take-Two Interactive,0.35,0.41,0.05,0.15,0.95
2231,LEGO Jurassic World,PS3,2015,Action,Warner Bros. Interactive Entertainment,0.34,0.44,0,0.15,0.93
2273,MLB 15: The Show,PS4,2015,Sports,Sony Computer Entertainment,0.67,0.08,0,0.17,0.92
2287,Minecraft: Story Mode,X360,2015,Adventure,Mojang,0.46,0.38,0,0.08,0.91
2331,LEGO Jurassic World,PS4,2015,Action,Warner Bros. Interactive Entertainment,0.32,0.42,0.01,0.14,0.89
2369,Just Cause 3,XOne,2015,Action,Square Enix,0.42,0.38,0,0.07,0.88
2411,Monster Strike 3DS,3DS,2015,Action,"mixi, Inc",0,0,0.86,0,0.86
2419,Dragon Quest VIII: Journey of the Cursed King,3DS,2015,Role-Playing,Square Enix,0,0,0.86,0,0.86
2461,Xenoblade Chronicles X,WiiU,2015,Role-Playing,Nintendo,0.36,0.28,0.14,0.06,0.84
2473,Borderlands: The Handsome Collection,PS4,2015,Shooter,Take-Two Interactive,0.36,0.32,0.03,0.14,0.84
2525,Madden NFL 16,PS3,2015,Sports,Electronic Arts,0.56,0.11,0,0.15,0.82
2544,Guitar Hero Live,PS4,2015,Misc,Activision,0.32,0.35,0,0.13,0.81
2556,Dying Light,XOne,2015,Action,Warner Bros. Interactive Entertainment,0.43,0.3,0.01,0.07,0.81
2579,NBA 2K16,PS3,2015,Sports,Take-Two Interactive,0.44,0.19,0.03,0.13,0.8
2645,Pro Evolution Soccer 2016,PS4,2015,Sports,Konami Digital Entertainment,0.13,0.42,0.13,0.1,0.78
2731,Rare Replay,XOne,2015,Misc,Microsoft Game Studios,0.47,0.21,0.01,0.07,0.75
2773,Mario & Luigi: Paper Jam,3DS,2015,Role-Playing,Nintendo,0.16,0.3,0.25,0.04,0.74
2864,Dragon Quest Heroes: The World's Tree Woe and the Blight Below,PS4,2015,Action,Square Enix,0.16,0.13,0.37,0.06,0.71
2877,Final Fantasy X/X-2 HD Remaster,PS4,2015,Role-Playing,Square Enix,0.29,0.25,0.06,0.11,0.71
2884,Rhythm Heaven: The Best+,3DS,2015,Misc,Nintendo,0,0,0.71,0,0.71
2896,Metal Gear Solid V: The Phantom Pain,XOne,2015,Action,Konami Digital Entertainment,0.37,0.26,0.01,0.06,0.71
2935,Metal Gear Solid V: The Phantom Pain,PS3,2015,Action,Konami Digital Entertainment,0.21,0.18,0.22,0.08,0.7
2952,Minecraft: Story Mode,PS3,2015,Adventure,Mojang,0.25,0.33,0,0.11,0.69
2967,Nintendo Presents: New Style Boutique 2 - Fashion Forward,3DS,2015,Misc,Nintendo,0.01,0.61,0.02,0.04,0.69
2981,Disney Infinity 3.0,PS4,2015,Action,Disney Interactive Studios,0.21,0.36,0,0.11,0.68
2996,Need for Speed (2015),XOne,2015,Racing,Electronic Arts,0.3,0.33,0,0.06,0.68
3028,The Witcher 3: Wild Hunt,PC,2015,Role-Playing,Namco Bandai Games,0.2,0.42,0,0.05,0.67
3037,Minecraft: Story Mode,PS4,2015,Adventure,Mojang,0.23,0.33,0,0.11,0.67
3093,F1 2015,PS4,2015,Racing,Codemasters,0.09,0.44,0.03,0.09,0.66
3174,LEGO Dimensions,PS4,2015,Action,Warner Bros. Interactive Entertainment,0.22,0.32,0,0.1,0.64
3214,God of War III,PS4,2015,Action,Sony Computer Entertainment,0.23,0.29,0.01,0.1,0.63
3233,LEGO Jurassic World,XOne,2015,Action,Warner Bros. Interactive Entertainment,0.35,0.22,0,0.06,0.63
3254,Evolve,XOne,2015,Shooter,Take-Two Interactive,0.36,0.2,0,0.06,0.62
3288,NHL 16,PS4,2015,Sports,Electronic Arts,0.35,0.15,0,0.11,0.61
3351,LEGO Jurassic World,3DS,2015,Action,Warner Bros. Interactive Entertainment,0.31,0.22,0.03,0.05,0.6
3421,Tales of Zestiria,PS3,2015,Role-Playing,Namco Bandai Games,0.05,0.09,0.42,0.03,0.59
3430,Dark Souls II,PS4,2015,Role-Playing,Namco Bandai Games,0.2,0.22,0.08,0.08,0.59
3444,Just Dance 2016,WiiU,2015,Misc,Ubisoft,0.28,0.25,0,0.05,0.58
3458,WWE 2K16,XOne,2015,Sports,Take-Two Interactive,0.31,0.22,0,0.05,0.58
3485,WWE 2K16,PS3,2015,Sports,Take-Two Interactive,0.21,0.27,0,0.09,0.58
3560,LEGO Dimensions,X360,2015,Action,Warner Bros. Interactive Entertainment,0.24,0.28,0,0.05,0.56
3595,Xenoblade Chronicles,3DS,2015,Role-Playing,Nintendo,0.26,0.14,0.12,0.04,0.56
3630,Dragon Ball: XenoVerse,PS3,2015,Fighting,Namco Bandai Games,0.15,0.2,0.14,0.07,0.55
3709,LEGO Dimensions,PS3,2015,Action,Warner Bros. Interactive Entertainment,0.15,0.3,0,0.09,0.54
3712,Minecraft: Story Mode,XOne,2015,Adventure,Mojang,0.29,0.21,0,0.05,0.54
3713,Resident Evil: Revelations 2,PS4,2015,Action,Capcom,0.13,0.24,0.1,0.07,0.54
3757,Star Wars Battlefront (2015),PC,2015,Shooter,Electronic Arts,0.13,0.37,0,0.04,0.54
3780,LEGO Jurassic World,WiiU,2015,Action,Warner Bros. Interactive Entertainment,0.28,0.19,0.02,0.04,0.53
3787,Kirby and the Rainbow Curse,WiiU,2015,Platform,Nintendo,0.23,0.14,0.12,0.04,0.53
3890,StarCraft II: Legacy of the Void,PC,2015,Strategy,Activision,0.18,0.29,0,0.04,0.51
3924,LEGO Dimensions,WiiU,2015,Action,Warner Bros. Interactive Entertainment,0.3,0.16,0,0.05,0.51
3935,Rory McIlroy PGA Tour,PS4,2015,Action,Electronic Arts,0.18,0.24,0,0.08,0.51
3944,Guitar Hero Live,XOne,2015,Misc,Activision,0.29,0.17,0,0.05,0.51
3971,WWE 2K16,X360,2015,Sports,Take-Two Interactive,0.27,0.19,0,0.04,0.5
4028,Dragon Quest Heroes: The World's Tree Woe and the Blight Below,PS3,2015,Action,Square Enix,0,0,0.49,0,0.49
4079,Battlefield: Hardline,PS3,2015,Shooter,Electronic Arts,0.12,0.23,0.07,0.07,0.49
4127,Skylanders: SuperChargers,WiiU,2015,Action,Activision,0.25,0.18,0,0.04,0.48
4152,Bravely Second: End Layer,3DS,2015,Role-Playing,Nintendo,0.16,0.11,0.18,0.03,0.47
4186,Disney Infinity 3.0,PS3,2015,Action,Disney Interactive Studios,0.14,0.25,0,0.08,0.47
4202,NHL 16,XOne,2015,Sports,Electronic Arts,0.37,0.05,0,0.05,0.47
4275,Farming Simulator 2015,PS3,2015,Simulation,Koch Media,0.11,0.28,0,0.07,0.46
4279,Mad Max (2015),XOne,2015,Action,Warner Bros. Interactive Entertainment,0.26,0.16,0,0.04,0.46
4285,Skylanders: SuperChargers,X360,2015,Action,Activision,0.24,0.18,0,0.04,0.46
4289,Sword Art Online: Lost Song,PSV,2015,Role-Playing,Namco Bandai Games,0.08,0.1,0.23,0.05,0.46
4301,Puzzle & Dragons Z + Super Mario Bros. Edition,3DS,2015,Puzzle,Nintendo,0.05,0.05,0.34,0.01,0.46
4309,Persona 4: Dancing All Night,PSV,2015,Misc,Nippon Ichi Software,0.13,0.1,0.15,0.07,0.46
4354,Pro Evolution Soccer 2016,PS3,2015,Sports,Konami Digital Entertainment,0.08,0.18,0.15,0.05,0.45
4363,One Piece: Pirate Warriors 3,PS4,2015,Action,Namco Bandai Games,0.08,0.22,0.1,0.05,0.45
4402,Mario Tennis Ultra Smash,WiiU,2015,Sports,Nintendo,0.13,0.16,0.13,0.03,0.45
4419,Disney Infinity 3.0,X360,2015,Action,Disney Interactive Studios,0.19,0.21,0,0.04,0.44
4422,Disney Infinity 3.0,WiiU,2015,Action,Disney Interactive Studios,0.2,0.21,0,0.04,0.44
4512,Rock Band 4,XOne,2015,Misc,Harmonix Music Systems,0.35,0.04,0,0.04,0.43
4630,Wolfenstein: The Old Blood,PS4,2015,Action,Bethesda Softworks,0.09,0.25,0.02,0.06,0.42
4659,Animal Crossing: Amiibo Festival,WiiU,2015,Misc,Nintendo,0.19,0.11,0.09,0.03,0.42
4700,Destiny: The Taken King,PS3,2015,Shooter,Activision,0.16,0.17,0.02,0.06,0.41
4706,Farming Simulator 2015,X360,2015,Simulation,Koch Media,0.21,0.16,0,0.04,0.41
4719,LEGO Jurassic World,PSV,2015,Action,Warner Bros. Interactive Entertainment,0.09,0.23,0,0.09,0.41
4771,Borderlands: The Handsome Collection,XOne,2015,Shooter,Take-Two Interactive,0.24,0.13,0,0.04,0.41
4874,Rise of the Tomb Raider,X360,2015,Adventure,Square Enix,0.17,0.19,0,0.03,0.4
4886,Skylanders: SuperChargers,PS3,2015,Action,Activision,0.15,0.18,0,0.06,0.39
4930,MLB 15: The Show,PS3,2015,Sports,Sony Computer Entertainment,0.3,0.01,0,0.07,0.39
4977,Saints Row IV,PS4,2015,Action,Deep Silver,0.13,0.17,0.03,0.06,0.38
4998,God Eater 2: Rage Burst,PSV,2015,Role-Playing,Namco Bandai Games,0,0.01,0.37,0,0.38
5004,Destiny: The Taken King,X360,2015,Shooter,Activision,0.22,0.12,0,0.03,0.38
5026,Tales of Zestiria,PS4,2015,Role-Playing,Namco Bandai Games,0.16,0.15,0.02,0.06,0.38
5109,LEGO Dimensions,XOne,2015,Action,Warner Bros. Interactive Entertainment,0.21,0.13,0,0.03,0.37
5141,Dishonored,PS4,2015,Action,Bethesda Softworks,0.11,0.18,0.02,0.06,0.37
5159,Rock Band 4,PS4,2015,Misc,Harmonix Music Systems,0.25,0.05,0,0.07,0.37
5228,Just Dance 2016,X360,2015,Misc,Ubisoft,0.23,0.1,0,0.03,0.36
5334,Farming Simulator 2015,PS4,2015,Simulation,Koch Media,0.1,0.2,0,0.05,0.35
5347,Just Dance 2016,PS4,2015,Misc,Ubisoft,0.16,0.13,0,0.06,0.35
5437,Battlefield: Hardline,X360,2015,Shooter,Electronic Arts,0.17,0.14,0,0.03,0.34
5484,Dead or Alive 5,PS4,2015,Fighting,Tecmo Koei,0.09,0.13,0.08,0.04,0.33
5556,Dragon Ball Z: Extreme Butoden,3DS,2015,Fighting,Namco Bandai Games,0.12,0.03,0.16,0.02,0.33
5587,Resident Evil: Revelations 2,PS3,2015,Action,Capcom,0.06,0.08,0.16,0.03,0.32
5693,Just Dance 2016,XOne,2015,Misc,Ubisoft,0.24,0.04,0,0.03,0.32
5701,Dragon Ball: XenoVerse,XOne,2015,Fighting,Namco Bandai Games,0.18,0.11,0,0.03,0.31
5727,Hatsune Miku: Project Mirai DX,3DS,2015,Misc,Sega,0.15,0.04,0.1,0.02,0.31
5761,Football Manager 2016,PC,2015,Simulation,Sega,0,0.29,0,0.02,0.31
5764,Disney Infinity 3.0,XOne,2015,Action,Disney Interactive Studios,0.18,0.1,0,0.03,0.31
5874,DmC: Devil May Cry,PS4,2015,Action,Capcom,0.12,0.13,0,0.05,0.3
5884,Tropico 5,PS4,2015,Simulation,Kalypso Media,0.05,0.16,0.05,0.04,0.3
5893,Skylanders: SuperChargers,PS4,2015,Action,Activision,0.17,0.08,0,0.05,0.3
6051,One Piece: Pirate Warriors 3,PS3,2015,Action,Namco Bandai Games,0,0.09,0.19,0.01,0.29
6177,Guitar Hero Live,PS3,2015,Misc,Activision,0.09,0.14,0,0.05,0.28
6261,Deadpool,PS4,2015,Action,Activision,0.13,0.1,0,0.05,0.28
6293,Divinity: Original Sin,PS4,2015,Role-Playing,Focus Home Interactive,0.09,0.12,0.02,0.04,0.27
6327,Disgaea 5: Alliance of Vengeance,PS4,2015,Role-Playing,Nippon Ichi Software,0.1,0.08,0.06,0.04,0.27
6375,Dragon Ball: XenoVerse,X360,2015,Fighting,Namco Bandai Games,0.16,0.08,0,0.02,0.27
6408,Payday 2,PS4,2015,Shooter,505 Games,0.09,0.14,0,0.04,0.27
6428,Rory McIlroy PGA Tour,XOne,2015,Action,Electronic Arts,0.15,0.09,0,0.02,0.27
6467,Skylanders: SuperChargers,Wii,2015,Action,Activision,0.05,0.19,0,0.02,0.26
6620,Tearaway Unfolded,PS4,2015,Platform,Sony Computer Entertainment,0.09,0.12,0,0.04,0.25
6695,J Stars Victory Vs.,PS4,2015,Fighting,Namco Bandai Games,0.07,0.14,0,0.04,0.25
6703,Final Fantasy Type-0,XOne,2015,Role-Playing,Square Enix,0.15,0.07,0,0.02,0.25
6712,The Legend of Legacy,3DS,2015,Role-Playing,FuRyu,0.11,0.02,0.1,0.01,0.25
6726,Yakuza Zero: The Place of Oath,PS3,2015,Action,Sega,0,0,0.25,0,0.25
6745,Anno 2205,PC,2015,Strategy,Ubisoft,0.02,0.22,0,0.01,0.25
6781,LEGO Ninjago: Shadow of Ronin,PSV,2015,Action,Warner Bros. Interactive Entertainment,0.03,0.16,0,0.05,0.24
6827,F1 2015,XOne,2015,Racing,Codemasters,0.08,0.15,0,0.02,0.24
6841,Stella Glow,3DS,2015,Role-Playing,Atlus,0.16,0.01,0.05,0.02,0.24
6902,Chibi-Robo! Zip Lash,3DS,2015,Platform,Nintendo,0.09,0.08,0.06,0.02,0.24
6922,Guitar Hero Live,X360,2015,Misc,Activision,0.12,0.1,0,0.02,0.24
6963,Etrian Mystery Dungeon,3DS,2015,Role-Playing,Nippon Ichi Software,0.09,0.01,0.12,0.01,0.23
6979,Girls Mode 3: Kirakira Code,3DS,2015,Action,Nintendo,0,0,0.23,0,0.23
6989,Total War: Attila,PC,2015,Strategy,Sega,0.09,0.13,0,0.02,0.23
7009,Sword Art Online: Lost Song,PS4,2015,Role-Playing,Namco Bandai Games,0.09,0.1,0,0.04,0.23
7021,Skylanders: SuperChargers,XOne,2015,Action,Activision,0.16,0.05,0,0.02,0.23
7050,Project CARS,XOne,2015,Racing,Slightly Mad Studios,0.08,0.13,0,0.02,0.23
7052,Call of Duty: Black Ops 3,PC,2015,Shooter,Activision,0,0.22,0,0.01,0.23
7126,Senran Kagura: Estival Versus,PSV,2015,Action,Marvelous Interactive,0.06,0.05,0.09,0.03,0.23
7163,Dark Souls II,XOne,2015,Role-Playing,Namco Bandai Games,0.13,0.07,0,0.02,0.22
7213,Tom Clancy's Rainbow Six: Siege,PC,2015,Shooter,Ubisoft,0.12,0.08,0,0.02,0.22
7256,Transformers: Devastation,PS4,2015,Action,Activision,0.1,0.08,0,0.04,0.22
7260,Just Dance 2016,PS3,2015,Misc,Ubisoft,0.1,0.08,0,0.04,0.22
7270,Shin Megami Tensei x Fire Emblem,WiiU,2015,Role-Playing,Nintendo,0.1,0.04,0.06,0.01,0.22
7282,Darksiders II,PS4,2015,Action,Nordic Games,0.09,0.1,0,0.04,0.22
7292,Code Name: S.T.E.A.M.,3DS,2015,Strategy,Nintendo,0.14,0.05,0.01,0.02,0.22
7305,One Piece: Pirate Warriors 3,PSV,2015,Action,Namco Bandai Games,0,0.07,0.13,0.02,0.22
7311,Ride,PS4,2015,Racing,Milestone S.r.l.,0.03,0.13,0.03,0.03,0.22
7376,Metal Gear Solid V: The Phantom Pain,X360,2015,Action,Konami Digital Entertainment,0.12,0.08,0,0.02,0.21
7488,LEGO Ninjago: Shadow of Ronin,3DS,2015,Action,Warner Bros. Interactive Entertainment,0.05,0.1,0.04,0.01,0.21
7550,State of Decay,XOne,2015,Strategy,Microsoft Game Studios,0.14,0.05,0,0.02,0.2
7563,Assassin's Creed Syndicate,PC,2015,Action,Ubisoft,0.1,0.08,0,0.02,0.2
7609,Saints Row IV,XOne,2015,Action,Deep Silver,0.1,0.09,0,0.02,0.2
7634,Tony Hawk's Pro Skater 5,PS4,2015,Sports,Activision,0.09,0.08,0,0.03,0.2
7731,Zombie Army Trilogy,PS4,2015,Shooter,Rebellion Developments,0.04,0.12,0,0.03,0.2
7770,The Sims 4: Get Together,PC,2015,Simulation,Electronic Arts,0.05,0.13,0,0.01,0.19
7784,Great Phoenix Wright: Ace Attorney - Naruhodou Ryuunosuke no Bouken,3DS,2015,Action,Capcom,0,0,0.19,0,0.19
7834,Farming Simulator 2015,XOne,2015,Simulation,Koch Media,0.1,0.07,0,0.02,0.19
7868,Disney Magic World 2,3DS,2015,Action,Nintendo,0,0,0.19,0,0.19
7901,God Eater Resurrection,PSV,2015,Action,Namco Bandai Games,0,0,0.19,0,0.19
7942,3rd Super Robot Wars Z: Tengoku-Hen,PSV,2015,Action,Namco Bandai Games,0,0,0.19,0,0.19
8029,Evolve,PC,2015,Shooter,Take-Two Interactive,0.07,0.1,0,0.01,0.18
8077,Dying Light,PC,2015,Action,Warner Bros. Interactive Entertainment,0.11,0.06,0,0.02,0.18
8106,Guitar Hero Live,WiiU,2015,Misc,Activision,0.12,0.04,0,0.02,0.18
8136,FIFA 16,PC,2015,Sports,Electronic Arts,0.04,0.13,0,0.01,0.18
8234,Back to the Future: The Game,PS4,2015,Adventure,Telltale Games,0.1,0.04,0,0.03,0.17
8261,Yakuza Zero: The Place of Oath,PS4,2015,Action,Sega,0,0,0.17,0,0.17
8356,NBA Live 16,PS4,2015,Sports,Electronic Arts,0.1,0.04,0,0.03,0.17
8379,MotoGP 15,PS4,2015,Racing,Milestone S.r.l.,0,0.12,0.03,0.02,0.17
8393,Digimon Story: Cyber Sleuth,PSV,2015,Role-Playing,Namco Bandai Games,0,0,0.17,0,0.17
8416,Toukiden Kiwami,PS4,2015,Action,Tecmo Koei,0.05,0.07,0.02,0.02,0.17
8430,Payday 2,XOne,2015,Shooter,505 Games,0.08,0.07,0,0.01,0.17
8433,NASCAR '15,X360,2015,Sports,Deep Silver,0.15,0,0,0.02,0.17
8450,Senran Kagura: Estival Versus,PS4,2015,Action,Marvelous Interactive,0.07,0,0.08,0.02,0.17
8456,Project X Zone 2: Brave New World,3DS,2015,Role-Playing,Namco Bandai Games,0.04,0.04,0.08,0.01,0.17
8466,Mobile Suit Gundam: Extreme VS Force,PSV,2015,Action,Namco Bandai Games,0,0,0.16,0,0.16
8530,Bladestorm: Nightmare,PS4,2015,Action,Tecmo Koei,0.07,0.04,0.03,0.02,0.16
8678,7th Dragon III Code: VFD,3DS,2015,Role-Playing,Sega,0.03,0,0.12,0,0.16
8770,Wolfenstein: The Old Blood,XOne,2015,Action,Bethesda Softworks,0.07,0.07,0,0.01,0.15
8801,Theatrhythm Dragon Quest,3DS,2015,Misc,Square Enix,0,0,0.15,0,0.15
8845,Saint Seiya: Soldiers' Soul,PS4,2015,Fighting,Namco Bandai Games,0,0.09,0.04,0.02,0.15
8848,3rd Super Robot Wars Z: Tengoku-Hen,PS3,2015,Action,Namco Bandai Games,0,0,0.15,0,0.15
8858,Return to PopoloCrois: A Story of Seasons Fairytale,3DS,2015,Simulation,Marvelous Entertainment,0.04,0,0.1,0.01,0.15
8867,Tokyo Xanadu,PSV,2015,Role-Playing,Nihon Falcom Corporation,0,0,0.15,0,0.15
8895,Pro Baseball Spirits 2015,PS3,2015,Action,Konami Digital Entertainment,0,0,0.15,0,0.15
9034,Dishonored,XOne,2015,Action,Bethesda Softworks,0.08,0.05,0,0.01,0.14
9039,Disney Infinity 2.0: Marvel Super Heroes,PSV,2015,Action,Disney Interactive Studios,0,0.11,0,0.03,0.14
9105,Sumikko Gurashi: Omise Hajimerundesu,3DS,2015,Action,Nippon Columbia,0,0,0.14,0,0.14
9138,Just Cause 3,PC,2015,Action,Square Enix,0.03,0.11,0,0.01,0.14
9186,Monster Hunter Diary: Poka Poka Airou Village DX,3DS,2015,Action,Capcom,0,0,0.14,0,0.14
9232,Cities: Skylines,PC,2015,Simulation,Paradox Interactive,0,0.13,0,0.01,0.14
9245,Famista Returns,3DS,2015,Sports,Namco Bandai Games,0,0,0.14,0,0.14
9263,BlazBlue: Chrono Phantasma Extend,PS4,2015,Action,PQube,0.07,0.03,0.02,0.02,0.14
9306,Battlefield: Hardline,PC,2015,Shooter,Electronic Arts,0,0.13,0,0.01,0.14
9362,Shovel Knight,3DS,2015,Platform,Yacht Club Games,0.07,0.04,0.01,0.01,0.13
9371,Transformers: Devastation,XOne,2015,Action,Activision,0.09,0.03,0,0.01,0.13
9373,DmC: Devil May Cry,XOne,2015,Action,Capcom,0.08,0.04,0,0.01,0.13
9395,Rugby 15,PS3,2015,Sports,Bigben Interactive,0.02,0.09,0,0.02,0.13
9413,Pro Baseball Spirits 2015,PSV,2015,Action,Konami Digital Entertainment,0,0,0.13,0,0.13
9419,Super Robot Wars BX,3DS,2015,Action,Namco Bandai Games,0,0,0.13,0,0.13
9430,Resident Evil: Revelations 2,PSV,2015,Action,Capcom,0.01,0.05,0.06,0.01,0.13
9473,Hasbro Family Fun Pack,XOne,2015,Misc,Ubisoft,0.1,0.02,0,0.01,0.13
9513,Brothers: A Tale of Two Sons,PS4,2015,Adventure,505 Games,0.03,0.08,0,0.02,0.13
9570,Pro Evolution Soccer 2016,X360,2015,Sports,Konami Digital Entertainment,0.04,0.08,0,0.01,0.13
9571,Batman: Arkham Knight,PC,2015,Action,Warner Bros. Interactive Entertainment,0.08,0.03,0,0.01,0.13
9578,Gravity Rush Remastered,PS4,2015,Action,Sony Computer Entertainment,0.02,0.05,0.04,0.01,0.13
9583,Assassination Classroom: Grand Siege on Kuro-sensei,3DS,2015,Action,Namco Bandai Games,0,0,0.13,0,0.13
9729,Final Fantasy XIV: Heavensward,PS4,2015,Action,Square Enix,0,0.05,0.06,0.01,0.12
9756,WRC 5: FIA World Rally Championship,PS3,2015,Sports,Bigben Interactive,0.02,0.09,0,0.02,0.12
9782,Shin Megami Tensei: Devil Survivor 2,3DS,2015,Role-Playing,Atlus,0,0.03,0.09,0,0.12
9907,Rodea the Sky Soldier,WiiU,2015,Action,Nippon Ichi Software,0.08,0.02,0.01,0.01,0.12
9918,Don Bradman Cricket 14,PS4,2015,Sports,Tru Blu Entertainment,0.01,0.09,0,0.02,0.12
9920,MegaTagmension Blanc + Neptune VS Zombies,PSV,2015,Action,Idea Factory International,0.02,0.03,0.05,0.01,0.12
9959,Deadpool,XOne,2015,Action,Activision,0.08,0.03,0,0.01,0.12
9991,Sword Art Online: Hollow Fragment,PS4,2015,Role-Playing,Namco Bandai Games,0,0.1,0,0.02,0.12
10031,Tony Hawk's Pro Skater 5,XOne,2015,Sports,Activision,0.08,0.02,0,0.01,0.11
10088,Skylanders: SuperChargers,3DS,2015,Action,Activision,0.05,0.06,0,0.01,0.11
10114,Samurai Warriors 4-II,PS4,2015,Action,Tecmo Koei,0.03,0.02,0.06,0.01,0.11
10121,Samurai Warriors 4-II,PS3,2015,Action,Tecmo Koei,0,0,0.11,0,0.11
10154,Super Run For Money Tousouchuu Atsumare! Saikyou no Tousou Monotachi,3DS,2015,Action,Namco Bandai Games,0,0,0.11,0,0.11
10167,Project CARS,PC,2015,Racing,Slightly Mad Studios,0,0.1,0,0.01,0.11
10238,Transformers: Devastation,PS3,2015,Action,Activision,0.03,0.07,0,0.02,0.11
10299,PriPara Mezase! Idol Grand Prix No.1!,3DS,2015,Misc,Takara Tomy,0,0,0.11,0,0.11
10312,Rugby 15,PS4,2015,Sports,Bigben Interactive,0.03,0.06,0,0.02,0.11
10320,Picross 3D 2,3DS,2015,Puzzle,Nintendo,0,0,0.11,0,0.11
10400,Shovel Knight,WiiU,2015,Platform,Yacht Club Games,0.06,0.04,0,0.01,0.11
10435,Adventure Time: Finn & Jake Investigations,PS3,2015,Action,Little Orbit,0.02,0.07,0,0.02,0.1
10443,Taiko no Tatsujin: V Version,PSV,2015,Action,Namco Bandai Games,0,0,0.1,0,0.1
10509,Zombie Army Trilogy,XOne,2015,Shooter,Rebellion Developments,0.04,0.05,0,0.01,0.1
10521,God Eater 2: Rage Burst,PS4,2015,Role-Playing,Namco Bandai Games,0,0.01,0.09,0,0.1
10558,Pro Evolution Soccer 2016,XOne,2015,Sports,Konami Digital Entertainment,0.03,0.06,0,0.01,0.1
10583,Wasteland 2,PS4,2015,Role-Playing,Deep Silver,0.07,0,0.01,0.02,0.1
10612,NBA Live 16,XOne,2015,Sports,Electronic Arts,0.08,0.01,0,0.01,0.1
10662,Atelier Sophie: The Alchemist of the Mysterious Book,PS4,2015,Role-Playing,Tecmo Koei,0.01,0.02,0.06,0.01,0.1
10673,Sword Art Online: Lost Song,PS3,2015,Role-Playing,Namco Bandai Games,0,0,0.1,0,0.1
10675,Earth Defense Force 2025.1: The Shadow of New Despair,PS4,2015,Action,D3Publisher,0,0,0.1,0,0.1
10704,Ride,XOne,2015,Racing,Milestone S.r.l.,0.04,0.05,0,0.01,0.1
10728,Ultra Street Fighter IV,PS4,2015,Fighting,Capcom,0,0.08,0,0.01,0.1
10754,Resident Evil: Revelations 2,XOne,2015,Action,Capcom,0.07,0.02,0,0.01,0.1
10758,Wasteland 2,PC,2015,Role-Playing,inXile Entertainment,0.02,0.06,0,0.01,0.1
10884,Adventure Time: Finn & Jake Investigations,X360,2015,Action,Little Orbit,0.02,0.06,0,0.01,0.09
10893,The Crew: Wild Run,PS4,2015,Action,Ubisoft,0,0.08,0,0.01,0.09
10906,Devil May Cry 4,PS4,2015,Action,Capcom,0.01,0,0.08,0,0.09
10949,NBA 2K16,PC,2015,Sports,Take-Two Interactive,0.02,0.06,0,0.01,0.09
10963,Transformers: Devastation,X360,2015,Action,Activision,0.06,0.02,0,0.01,0.09
10994,Pokemon Rumble World,3DS,2015,Action,Nintendo,0,0.01,0.08,0,0.09
11077,Samurai Warriors 4: Empires,PS4,2015,Action,Tecmo Koei,0.02,0.01,0.05,0.01,0.09
11150,Sengoku Basara 4: Sumeragi,PS3,2015,Action,Capcom,0,0,0.09,0,0.09
11157,Resident Evil: Revelations 2,X360,2015,Action,Capcom,0.04,0.04,0,0.01,0.09
11173,SpongeBob: HeroPants,X360,2015,Platform,Activision,0.08,0,0,0.01,0.09
11185,Adventure Time: Finn & Jake Investigations,PS4,2015,Action,Little Orbit,0.03,0.04,0,0.01,0.09
11214,Might & Magic Heroes VII,PC,2015,Strategy,Ubisoft,0,0.08,0,0,0.09
11243,Rugby 15,XOne,2015,Sports,Bigben Interactive,0.03,0.05,0,0.01,0.09
11254,Kuroko's Basketball: Ties to Future,3DS,2015,Action,Namco Bandai Games,0,0,0.08,0,0.08
11299,Arslan: The Warriors of Legend,PS4,2015,Action,Tecmo Koei,0.02,0.01,0.04,0.01,0.08
11307,Dead or Alive 5,XOne,2015,Fighting,Tecmo Koei,0.04,0.03,0.01,0.01,0.08
11329,The Seven Deadly Sins: Unjust Sin,3DS,2015,Adventure,Namco Bandai Games,0,0,0.08,0,0.08
11363,Ride,PS3,2015,Racing,Milestone S.r.l.,0,0.06,0.01,0.01,0.08
11384,God Eater Resurrection,PS4,2015,Action,Namco Bandai Games,0,0,0.08,0,0.08
11466,Wolfenstein: The Old Blood,PC,2015,Action,Bethesda Softworks,0,0.08,0,0,0.08
11475,Uta no Prince-Sama: All Star After Secret,PSP,2015,Action,Broccoli,0,0,0.08,0,0.08
11484,The Witch and the Hundred Knight,PS4,2015,Role-Playing,Nippon Ichi Software,0.02,0.01,0.05,0.01,0.08
11542,Looney Tunes: Galactic Sports,PSV,2015,Action,Sony Computer Entertainment,0,0.06,0,0.02,0.08
11554,Just Dance: Disney Party 2,WiiU,2015,Action,Ubisoft,0.06,0.01,0,0.01,0.08
11559,Valkyrie Drive: Bhikkhuni,PSV,2015,Action,PQube,0,0.01,0.07,0,0.08
11592,Minecraft: Story Mode,PC,2015,Adventure,Mojang,0.02,0.05,0,0.01,0.08
11629,Dragon's Dogma Online,PS4,2015,Role-Playing,Capcom,0,0,0.08,0,0.08
11704,Metal Gear Solid V: The Phantom Pain,PC,2015,Action,Konami Digital Entertainment,0,0.07,0,0,0.08
11714,WRC 5: FIA World Rally Championship,PSV,2015,Sports,Bigben Interactive,0,0.06,0,0.02,0.08
11724,Shovel Knight,PS4,2015,Platform,Yacht Club Games,0.03,0.03,0,0.01,0.08
11735,Yoru no Nai Kuni,PS4,2015,Role-Playing,Tecmo Koei,0,0,0.08,0,0.08
11766,Yoru no Nai Kuni,PSV,2015,Role-Playing,Tecmo Koei,0,0,0.07,0,0.07
11775,Aikatsu! My No.1 Stage!,3DS,2015,Misc,Namco Bandai Games,0,0,0.07,0,0.07
11780,Adventure Time: Finn & Jake Investigations,3DS,2015,Action,Little Orbit,0.02,0.05,0,0.01,0.07
11781,Kenka Banchou 6: Soul & Blood,3DS,2015,Fighting,Screenlife,0,0,0.07,0,0.07
11845,Utawarerumono: Itsuwari no Kamen,PSV,2015,Adventure,Aqua Plus,0,0,0.07,0,0.07
11867,Just Dance: Disney Party 2,X360,2015,Action,Ubisoft,0.05,0.01,0,0.01,0.07
11873,Rugby World Cup 2015,PS3,2015,Sports,Ubisoft,0,0.06,0,0.01,0.07
11898,Grand Kingdom,PSV,2015,Role-Playing,Nippon Ichi Software,0.01,0.02,0.04,0.01,0.07
11995,BlazBlue: Chrono Phantasma Extend,PSV,2015,Action,PQube,0,0.05,0,0.01,0.07
11999,MotoGP 15,PS3,2015,Racing,Milestone S.r.l.,0,0.03,0.03,0.01,0.07
12022,The Legend of Heroes: Trails in the Sky First Chapter,PSV,2015,Role-Playing,Kadokawa Shoten,0,0,0.07,0,0.07
12026,IA/VT Colorful,PSV,2015,Misc,Marvelous Entertainment,0,0,0.07,0,0.07
12049,Assassin's Creed: Rogue,PC,2015,Action,Ubisoft,0.04,0.02,0,0.01,0.07
12073,Divinity: Original Sin,XOne,2015,Role-Playing,Focus Home Interactive,0.04,0.02,0,0.01,0.07
12078,Toy Soldiers: War Chest,PS4,2015,Action,Ubisoft,0.06,0,0,0.01,0.07
12105,Grand Ages: Medieval,PS4,2015,Strategy,Kalypso Media,0,0.05,0.01,0.01,0.07
12107,Monster High: New Ghoul in School,PS3,2015,Action,Little Orbit,0,0.06,0,0.01,0.07
12117,Lost Heroes 2,3DS,2015,Action,Namco Bandai Games,0,0,0.07,0,0.07
12119,Just Dance: Disney Party 2,XOne,2015,Action,Ubisoft,0.05,0.01,0,0.01,0.07
12144,Tony Hawk's Pro Skater 5,X360,2015,Sports,Activision,0.06,0,0,0.01,0.07
12163,The Book of Unwritten Tales 2,PS4,2015,Adventure,Nordic Games,0,0.06,0,0.01,0.07
12166,Future Card Buddy Fight: Yuujou no Bakunetsu Fight,3DS,2015,Action,FuRyu,0,0,0.07,0,0.07
12199,Fairy Fencer F: Advent Dark Force,PS4,2015,Role-Playing,Idea Factory International,0.02,0,0.05,0,0.07
12282,Broken Sword 5: The Serpent's Curse,PS4,2015,Adventure,Revolution Software,0,0.06,0,0.01,0.06
12308,Rugby 15,PSV,2015,Sports,Bigben Interactive,0,0.05,0,0.01,0.06
12328,Legend of Kay,PS4,2015,Action,Nordic Games,0.02,0.03,0,0.01,0.06
12375,Mario vs. Donkey Kong: Tipping Stars,3DS,2015,Puzzle,Nintendo,0,0,0.06,0,0.06
12400,Taiko no Tatsujin: Atsumete Tomodachi Daisakusen!,WiiU,2015,Misc,Namco Bandai Games,0,0,0.06,0,0.06
12428,Devil's Third,WiiU,2015,Action,Nintendo,0.04,0.02,0,0.01,0.06
12433,Barbie and Her Sisters Puppy Rescue,Wii,2015,Action,Namco Bandai Games,0,0.06,0,0,0.06
12449,Risen 3: Titan Lords,PS4,2015,Role-Playing,Deep Silver,0,0.05,0,0.01,0.06
12521,BlazBlue: Chrono Phantasma Extend,XOne,2015,Action,PQube,0.05,0.01,0,0.01,0.06
12547,Darksiders II,XOne,2015,Action,Nordic Games,0.03,0.02,0,0.01,0.06
12562,Genkai Tokki: Moero Crystal,PSV,2015,Role-Playing,Compile Heart,0,0,0.06,0,0.06
12575,Atelier Sophie: The Alchemist of the Mysterious Book,PSV,2015,Role-Playing,Tecmo Koei,0,0,0.06,0,0.06
12599,Doraemon: Nobita no Uchuu Eiyuuki,3DS,2015,Action,FuRyu,0,0,0.06,0,0.06
12640,Game of Thrones (Telltale),PS3,2015,Adventure,Telltale Games,0.02,0.03,0,0.01,0.06
12681,Yomawari,PSV,2015,Adventure,Nippon Ichi Software,0,0,0.06,0,0.06
12691,Romance of the Three Kingdoms 13,PS4,2015,Action,Tecmo Koei,0.01,0,0.05,0,0.06
12694,Utawarerumono: Itsuwari no Kamen,PS4,2015,Adventure,Aqua Plus,0,0,0.06,0,0.06
12728,Rugby World Cup 2015,PS4,2015,Sports,Ubisoft,0,0.05,0,0.01,0.06
12731,Nights of Azure,PS4,2015,Action,Tecmo Koei,0.03,0.02,0,0.01,0.06
12738,Samurai Warriors 4: Empires,PS3,2015,Action,Tecmo Koei,0,0,0.06,0,0.06
12784,MX vs. ATV Supercross Encore,PS4,2015,Sports,Nordic Games,0,0.05,0,0.01,0.06
12800,Tony Hawk's Pro Skater 5,PS3,2015,Sports,Activision,0.04,0,0,0.01,0.06
12802,Handball 16,PS4,2015,Sports,Bigben Interactive,0,0.05,0,0.01,0.06
12804,Grand Kingdom,PS4,2015,Role-Playing,Nippon Ichi Software,0.02,0,0.03,0,0.06
12823,Legend of Kay,WiiU,2015,Action,Nordic Games,0.03,0.02,0,0,0.05
12832,NHL Legacy,X360,2015,Action,Electronic Arts,0.05,0,0,0.01,0.05
12852,Samurai Warriors 4: Empires,PSV,2015,Action,Tecmo Koei,0,0,0.05,0,0.05
12855,Miracle Girls Festival,PSV,2015,Misc,Sega,0,0,0.05,0,0.05
12859,Saki: Zenkoku-hen,PSV,2015,Misc,Kaga Create,0,0,0.05,0,0.05
12861,Shiren the Wanderer 5 Plus: Fortune Tower and the Dice of Fate,PSV,2015,Action,Aksys Games,0.01,0,0.04,0,0.05
12885,Adventure Time: Finn & Jake Investigations,WiiU,2015,Action,Little Orbit,0.03,0.02,0,0,0.05
12889,Goosebumps: The Game,3DS,2015,Adventure,WayForward Technologies,0.05,0,0,0.01,0.05
12893,Samurai Warriors 4-II,PSV,2015,Action,Tecmo Koei,0,0,0.05,0,0.05
12912,Rugby 15,X360,2015,Sports,Bigben Interactive,0,0.05,0,0,0.05
12918,New Prince of Tennis: Go to the Top,3DS,2015,Action,FuRyu,0,0,0.05,0,0.05
12935,Chaos;Child,PSV,2015,Adventure,5pb,0,0,0.05,0,0.05
12950,Arcania: Gothic 4,PS4,2015,Role-Playing,Nordic Games,0.04,0,0,0.01,0.05
12960,Toy Soldiers: War Chest,XOne,2015,Action,Ubisoft,0.05,0,0,0.01,0.05
12962,Omega Labyrinth,PSV,2015,Role-Playing,D3Publisher,0,0,0.05,0,0.05
13006,Stranger of Sword City,PSV,2015,Role-Playing,Nippon Ichi Software,0.02,0.02,0,0.01,0.05
13014,WRC 5: FIA World Rally Championship,PS4,2015,Sports,Bigben Interactive,0,0.04,0,0.01,0.05
13015,Earth Defense Force 4.1: The Shadow of New Despair,PS4,2015,Shooter,Xseed Games,0.02,0.02,0,0.01,0.05
13019,SpongeBob: HeroPants,PSV,2015,Platform,Activision,0.03,0.01,0,0.01,0.05
13025,Mortal Kombat X,PC,2015,Fighting,Warner Bros. Interactive Entertainment,0.01,0.04,0,0,0.05
13027,Luminous Arc Infinity,PSV,2015,Action,Marvel Entertainment,0,0,0.05,0,0.05
13077,To Heart 2: Dungeon Travelers,PSV,2015,Adventure,Aqua Plus,0,0,0.05,0,0.05
13083,Steins;Gate 0,PSV,2015,Adventure,PQube,0,0,0.05,0,0.05
13125,Steins;Gate 0,PS4,2015,Adventure,PQube,0,0,0.05,0,0.05
13126,Adventure Time: Finn & Jake Investigations,XOne,2015,Action,Little Orbit,0.02,0.02,0,0,0.05
13140,Sengoku Basara 4: Sumeragi,PS4,2015,Action,Capcom,0,0,0.05,0,0.05
13217,Bladestorm: Nightmare,XOne,2015,Action,Tecmo Koei,0.03,0.02,0,0,0.05
13228,Downtown no Gaki no Tsukai Yaarahen de!! Zettai ni Tsukamatte Haikenai Gasu Kurobikari Land,3DS,2015,Action,Alchemist,0,0,0.05,0,0.05
13262,Sword Art Online: Game Director's Edition,PS4,2015,Role-Playing,Namco Bandai Games,0,0,0.05,0,0.05
13287,Saints Row: Gat out of Hell,PS4,2015,Action,Deep Silver,0,0.04,0,0.01,0.05
13290,Wasteland 2,XOne,2015,Role-Playing,Deep Silver,0.04,0.01,0,0,0.05
13300,Grand Ages: Medieval,PC,2015,Strategy,Kalypso Media,0,0.04,0,0,0.05
13301,Handball 16,PS3,2015,Sports,Bigben Interactive,0,0.04,0,0.01,0.05
13338,Utawarerumono: Itsuwari no Kamen,PS3,2015,Adventure,Aqua Plus,0,0,0.05,0,0.05
13342,F1 2015,PC,2015,Racing,Codemasters,0,0.04,0,0,0.05
13348,Game of Thrones (Telltale),PS4,2015,Adventure,Telltale Games,0.04,0,0,0.01,0.05
13391,Rugby World Cup 2015,X360,2015,Sports,Ubisoft,0,0.04,0,0,0.05
13404,Tokyo Ghoul: Jail,PSV,2015,Racing,Namco Bandai Games,0,0,0.05,0,0.05
13413,Arslan: The Warriors of Legend,PS3,2015,Action,Tecmo Koei,0,0,0.05,0,0.05
13416,Yoru no Nai Kuni,PS3,2015,Role-Playing,Tecmo Koei,0,0,0.05,0,0.05
13475,Atelier Escha & Logy: Alchemists of the Dusk Sky,PSV,2015,Role-Playing,Tecmo Koei,0,0,0.04,0,0.04
13477,World Trigger: Borderless Mission,PSV,2015,Action,Namco Bandai Games,0,0,0.04,0,0.04
13486,Exist Archive: The Other Side of the Sky,PSV,2015,Role-Playing,Aksys Games,0,0,0.04,0,0.04
13556,Yowamushi Pedal,3DS,2015,Action,Namco Bandai Games,0,0,0.04,0,0.04
13568,Pro Evolution Soccer 2016,PC,2015,Sports,Konami Digital Entertainment,0,0.04,0,0,0.04
13651,Saint Seiya: Soldiers' Soul,PS3,2015,Fighting,Namco Bandai Games,0,0,0.04,0,0.04
13655,Gravity Falls: Legend of the Gnome Gemulets,3DS,2015,Action,Ubisoft,0.03,0,0,0,0.04
13678,Nitroplus Blasterz: Heroines Infinite Duel,PS4,2015,Fighting,Marvelous Interactive,0.01,0,0.02,0,0.04
13832,BlazBlue: Chrono Phantasma Extend,PS3,2015,Action,PQube,0,0,0.04,0,0.04
13834,Romance of the Three Kingdoms 13,PS3,2015,Action,Tecmo Koei,0,0,0.04,0,0.04
13838,The Sims 4: Spa Day,PC,2015,Simulation,Electronic Arts,0,0.04,0,0,0.04
13840,Yuki Yuna is a Hero: Memory of the Forest,PSV,2015,Action,FuRyu,0,0,0.04,0,0.04
13856,Hyperdimension Neptunia Victory II,PS4,2015,Role-Playing,Idea Factory International,0,0,0.04,0,0.04
13860,Brothers: A Tale of Two Sons,XOne,2015,Adventure,505 Games,0.03,0.01,0,0,0.04
13866,Tsurugi no Machi no Ihoujin: Kuro no Kyuuden,PSV,2015,Role-Playing,Experience Inc.,0,0,0.04,0,0.04
13869,Paddington: Adventures in London,3DS,2015,Puzzle,Koch Media,0,0.04,0,0,0.04
13881,Monster High: New Ghoul in School,X360,2015,Action,Little Orbit,0,0.04,0,0,0.04
13889,Famicom Remix Best Choice,3DS,2015,Action,Nintendo,0,0,0.04,0,0.04
13912,LEGO Jurassic World,PC,2015,Action,Warner Bros. Interactive Entertainment,0,0.04,0,0,0.04
13918,Civilization Beyond Earth: Rising Tide,PC,2015,Strategy,Take-Two Interactive,0,0.04,0,0,0.04
13920,Rodea the Sky Soldier,3DS,2015,Action,Nippon Ichi Software,0.03,0,0,0,0.04
13925,Don Bradman Cricket 14,XOne,2015,Sports,Tru Blu Entertainment,0,0.04,0,0,0.04
13932,Train Simulator 2016,PC,2015,Simulation,Unknown,0,0.04,0,0,0.04
13933,Corpse Party: Blood Covered - Repeated Fear,3DS,2015,Adventure,5pb,0,0,0.04,0,0.04
13938,The Idolm@ster: Must Songs - Red Board / Blue Board,PSV,2015,Misc,Namco Bandai Games,0,0,0.04,0,0.04
13956,Monster High: New Ghoul in School,3DS,2015,Action,Little Orbit,0,0.03,0,0,0.04
13972,Rugby World Cup 2015,PSV,2015,Sports,Ubisoft,0,0.03,0,0.01,0.04
13987,NHL Legacy,PS3,2015,Action,Electronic Arts,0.03,0,0,0.01,0.04
13995,NHL 16,PS3,2015,Sports,Electronic Arts,0,0.03,0,0.01,0.04
14026,Ray Gigant,PSV,2015,Role-Playing,Namco Bandai Games,0,0,0.04,0,0.04
14046,Barbie and Her Sisters Puppy Rescue,3DS,2015,Action,Namco Bandai Games,0,0.03,0,0,0.04
14055,Nobunaga's Ambition II,3DS,2015,Strategy,Tecmo Koei,0,0,0.04,0,0.04
14082,MLB 15: The Show,PSV,2015,Sports,Sony Computer Entertainment,0.03,0,0,0.01,0.04
14085,Assassin's Creed Chronicles: China,PS4,2015,Action,Ubisoft,0,0.03,0,0.01,0.04
14110,DoraMoji: Nobita no Kanji Daisakusen,3DS,2015,Misc,Shogakukan,0,0,0.03,0,0.03
14147,The Legend of Heroes: Trails in the Sky SC Evolution,PSV,2015,Role-Playing,Kadokawa Games,0,0,0.03,0,0.03
14152,SpongeBob: HeroPants,3DS,2015,Platform,Activision,0.03,0,0,0,0.03
14173,Criminal Girls 2,PSV,2015,Role-Playing,Nippon Ichi Software,0,0,0.03,0,0.03
14177,Diabolik Lovers: Dark Fate,PSV,2015,Action,Idea Factory,0,0,0.03,0,0.03
14198,Game of Thrones (Telltale),X360,2015,Adventure,Telltale Games,0.02,0.01,0,0,0.03
14230,JoJo's Bizarre Adventure: Eyes of Heaven,PS4,2015,Fighting,Namco Bandai Games,0,0,0.03,0,0.03
14247,Rugby League Live 3,PS3,2015,Action,Tru Blu Entertainment,0,0.03,0,0,0.03
14251,Ukiyo no Shishi,PS3,2015,Action,Namco Bandai Games,0,0,0.03,0,0.03
14271,YoKai Watch Dance: Just Dance Special Version,WiiU,2015,Misc,Level 5,0,0,0.03,0,0.03
14294,Medarot 9: Kabuto Ver. / Kuwagata Ver.,3DS,2015,Role-Playing,Rocket Company,0,0,0.03,0,0.03
14322,Monster High: New Ghoul in School,Wii,2015,Action,Little Orbit,0,0.03,0,0,0.03
14339,Dragon's Dogma Online,PS3,2015,Role-Playing,Capcom,0,0,0.03,0,0.03
14347,Atelier Sophie: The Alchemist of the Mysterious Book,PS3,2015,Role-Playing,Tecmo Koei,0,0,0.03,0,0.03
14353,A Good Librarian Like a Good Shepherd: Library Party,PSV,2015,Action,Kaga Create,0,0,0.03,0,0.03
14361,Gal Gun: Double Peace,PSV,2015,Action,PQube,0,0.02,0.01,0,0.03
14362,PriPara & Pretty Rhythm: PriPara de Tsukaeru Oshare Item 1450!,3DS,2015,Action,Namco Bandai Games,0,0,0.03,0,0.03
14377,JoJo's Bizarre Adventure: Eyes of Heaven,PS3,2015,Fighting,Namco Bandai Games,0,0,0.03,0,0.03
14382,Medabots 9: Metabee / Rokusho,3DS,2015,Role-Playing,Rocket Company,0,0,0.03,0,0.03
14385,Hakuoki Zuisouroku Omokage Hana,PSV,2015,Action,Idea Factory,0,0,0.03,0,0.03
14397,Airship Q,PSV,2015,Platform,Cygames,0,0,0.03,0,0.03
14413,MotoGP 15,XOne,2015,Racing,Milestone S.r.l.,0,0.03,0,0,0.03
14435,Alia's Carnival! Sacrament,PSV,2015,Adventure,dramatic create,0,0,0.03,0,0.03
14440,Ebikore Photo Kano Kiss,PSV,2015,Action,Kadokawa Games,0,0,0.03,0,0.03
14441,Bad Apple Wars,PSV,2015,Action,Idea Factory,0,0,0.03,0,0.03
14442,Transformers: Devastation,PC,2015,Action,Activision,0,0.03,0,0,0.03
14464,Renai Revenge,PSV,2015,Adventure,TGL,0,0,0.03,0,0.03
14470,Langrisser: Re:Incarnation Tensei,3DS,2015,Role-Playing,Extreme Entertainment Group,0.02,0,0.01,0,0.03
14480,Shantae and the Pirate's Curse,3DS,2015,Platform,Intergrow,0,0,0.03,0,0.03
14482,The Peanuts Movie: Snoopy's Grand Adventure,3DS,2015,Action,Activision,0,0.03,0,0,0.03
14548,Kung Fu Panda: Showdown of Legendary Legends,X360,2015,Action,Little Orbit,0,0.03,0,0,0.03
14552,Phantasy Star Online 2: Episode 3 Deluxe Package,PSV,2015,Action,Sega,0,0,0.03,0,0.03
14562,Hyperdimension Neptunia Vs. Sega Hard Girls: Yume no Gattai Special,PSV,2015,Role-Playing,Compile Heart,0,0,0.03,0,0.03
14582,Bladestorm: Nightmare,PS3,2015,Action,Tecmo Koei,0,0,0.03,0,0.03
14584,Higurashi no Naku Koro ni Iki,PSV,2015,Action,Kaga Create,0,0,0.03,0,0.03
14592,Game of Thrones (Telltale),XOne,2015,Adventure,Telltale Games,0.03,0,0,0,0.03
14604,OZMAFIA!! -vivace-,PSV,2015,Adventure,dramatic create,0,0,0.03,0,0.03
14619,New Tokyo Legacy: Operation Babel,PSV,2015,Role-Playing,5pb,0,0,0.03,0,0.03
14621,Rugby League Live 3,X360,2015,Action,Tru Blu Entertainment,0,0.03,0,0,0.03
14626,Exist Archive: The Other Side of the Sky,PS4,2015,Role-Playing,Aksys Games,0,0,0.03,0,0.03
14628,Romance of the Three Kingdoms II,3DS,2015,Strategy,Tecmo Koei,0,0,0.03,0,0.03
14634,The Great Mystery Hidden Object Package 5,PC,2015,Adventure,Rondomedia,0,0.03,0,0,0.03
14650,Parfait,PSV,2015,Adventure,TGL,0,0,0.03,0,0.03
14669,Ride,PC,2015,Racing,Milestone S.r.l.,0,0.03,0,0,0.03
14688,Harukanaru Toki no Naka de 6,PSV,2015,Action,Tecmo Koei,0,0,0.03,0,0.03
14702,Gudetama: Hanjuku de Tanomuwa,3DS,2015,Action,Rocket Company,0,0,0.03,0,0.03
14757,Xblaze: Lost Memories,PSV,2015,Adventure,Arc System Works,0.02,0,0,0.01,0.03
14760,Let's Sing 2016,PS4,2015,Action,FuRyu Corporation,0.02,0,0,0.01,0.03
14813,Himoutou! Umaru-Chan: Himoutou Ikusei Keikaku,PSV,2015,Simulation,FuRyu,0,0,0.03,0,0.03
14816,Kisuato,PSV,2015,Adventure,TGL,0,0,0.03,0,0.03
14823,Steins;Gate 0,PS3,2015,Adventure,5pb,0,0,0.03,0,0.03
14831,Dream Girl Premier,3DS,2015,Misc,Alchemist,0,0,0.03,0,0.03
14837,The Peanuts Movie: Snoopy's Grand Adventure,PS4,2015,Action,Activision,0,0.02,0,0,0.03
14862,MeiQ no Chika Ni Shisu: A Maze to Eradicate Them All,PSV,2015,Role-Playing,Idea Factory,0,0.01,0.01,0,0.03
14876,Back to the Future: The Game,X360,2015,Adventure,Telltale Games,0.02,0.01,0,0,0.03
14885,God Eater Off Shot: Lindow-hen Twin Pack & Animation Vol. 2,PS4,2015,Misc,Namco Bandai Games,0,0,0.03,0,0.03
14890,The Peanuts Movie: Snoopy's Grand Adventure,X360,2015,Action,Activision,0,0.02,0,0,0.03
14975,TV Anime Idolm@ster: Cinderella Girls G4U! Pack Vol.1,PS3,2015,Action,Namco Bandai Games,0,0,0.02,0,0.02
14980,TV Anime Idolm@ster: Cinderella Girls G4U! Pack Vol.6,PS3,2015,Adventure,Namco Bandai Games,0,0,0.02,0,0.02
14981,Blade Arcus from Shining EX,PS4,2015,Fighting,Sega,0,0,0.02,0,0.02
15004,Cross Ange: Tenshi to Ryuu no Rondo tr.,PSV,2015,Action,Namco Bandai Games,0,0,0.02,0,0.02
15043,Winning Post 8 2015,PSV,2015,Action,Tecmo Koei,0,0,0.02,0,0.02
15074,Thomas and Friends: Steaming around Sodor,3DS,2015,Action,Avanquest Software,0,0.02,0,0,0.02
15079,Ride,X360,2015,Racing,Milestone S.r.l.,0,0.02,0,0,0.02
15089,Rugby League Live 3,PS4,2015,Action,Tru Blu Entertainment,0,0.02,0,0,0.02
15106,Blade Arcus from Shining EX,PS3,2015,Fighting,Sega,0,0,0.02,0,0.02
15127,To Love-Ru Trouble: Darkness - True Princess,PSV,2015,Action,FuRyu,0,0,0.02,0,0.02
15156,Rugby World Cup 2015,XOne,2015,Sports,Ubisoft,0,0.02,0,0,0.02
15157,Winning Post 8 2015,PS3,2015,Action,Tecmo Koei,0,0,0.02,0,0.02
15160,Ukiyo no Roushi,PSV,2015,Action,Unknown,0,0,0.02,0,0.02
15174,Kung Fu Panda: Showdown of Legendary Legends,PS3,2015,Action,Little Orbit,0,0.02,0,0,0.02
15228,Diabolik Lovers: More Blood,PSV,2015,Adventure,Idea Factory,0,0,0.02,0,0.02
15271,Final Fantasy XIV: Heavensward,PS3,2015,Action,Square Enix,0.01,0,0.01,0,0.02
15308,Rugby League Team Manager 2015,PC,2015,Action,Alternative Software,0,0.02,0,0,0.02
15339,Kung Fu Panda: Showdown of Legendary Legends,3DS,2015,Action,Little Orbit,0,0.02,0,0,0.02
15355,Hakuoki: Shinkai - Furi no Shou,PSV,2015,Action,Idea Factory,0,0,0.02,0,0.02
15387,TV Anime Idolm@ster: Cinderella Girls G4U! Pack Vol.7,PS3,2015,Misc,Namco Bandai Games,0,0,0.02,0,0.02
15427,Net High,PSV,2015,Adventure,Marvelous Games,0,0,0.02,0,0.02
15443,Downtown Nekketsu Jidaigek,3DS,2015,Action,Arc System Works,0,0,0.02,0,0.02
15445,Legend of Kay Anniversary,PS4,2015,Action,Nordic Games,0,0.02,0,0,0.02
15449,Nobunaga's Ambition: Tenshouki with Power-Up Kit HD Version,PSV,2015,Strategy,Tecmo Koei,0,0,0.02,0,0.02
15452,Angelique Retour,PSV,2015,Action,Tecmo Koei,0,0,0.02,0,0.02
15472,TV Anime Idolm@ster: Cinderella Girls G4U! Pack Vol.5,PS3,2015,Action,Namco Bandai Games,0,0,0.02,0,0.02
15475,Date-A-Live Twin Edition: Rio Reincarnation,PSV,2015,Action,Compile Heart,0,0,0.02,0,0.02
15477,Natsuiro High School: Seishun Hakusho,PS4,2015,Action,D3Publisher,0,0,0.02,0,0.02
15491,Dynasty Warriors 8: Empires,PSV,2015,Action,Tecmo Koei,0,0,0.02,0,0.02
15493,Devil Survivor: Over Clock,3DS,2015,Strategy,Atlus,0,0,0.02,0,0.02
15496,Otoko Yukaku,PSV,2015,Action,D3Publisher,0,0,0.02,0,0.02
15498,Spirits and Demons: 5 Game Pack,PC,2015,Misc,Focus Multimedia,0,0.02,0,0,0.02
15534,Natsuiro High School: Seishun Hakusho,PS3,2015,Action,D3Publisher,0,0,0.02,0,0.02
15542,The Talos Principle,PS4,2015,Puzzle,Devolver Digital,0,0.02,0,0,0.02
15557,Tsuki ni Yori Sou Otome no Sahou: Hidamari no Hibi,PSV,2015,Adventure,dramatic create,0,0,0.02,0,0.02
15560,Amatsumi Sora ni! Kumo no Hatate ni,PSV,2015,Adventure,Prototype,0,0,0.02,0,0.02
15563,Downtown Nekketsu Koushinkyoku: Soreyuke Daiundoukai All-Star Special,PS3,2015,Action,Arc System Works,0,0,0.02,0,0.02
15564,Lovely x Cation 1 & 2,PSV,2015,Action,5pb,0,0,0.02,0,0.02
15573,New Atelier Rorona: Hajimari no Monogatari,3DS,2015,Action,Tecmo Koei,0,0,0.02,0,0.02
15575,The Crew: Wild Run,PC,2015,Action,Ubisoft,0,0.02,0,0,0.02
15577,7 Roses: A Darkness Rises,PC,2015,Misc,Avanquest Software,0,0.02,0,0,0.02
15584,Niko Puchi Girls Runway,3DS,2015,Misc,Happinet,0,0,0.02,0,0.02
15615,The Crew: Wild Run,XOne,2015,Action,Ubisoft,0,0.02,0,0,0.02
15643,Final Fantasy XIV: Heavensward,PC,2015,Action,Square Enix,0.01,0.01,0,0,0.02
15679,TV Anime Idolm@ster: Cinderella Girls G4U! Pack Vol.2,PS3,2015,Action,Namco Bandai Games,0,0,0.02,0,0.02
15694,Prince of Stride,PSV,2015,Adventure,Kadokawa Games,0,0,0.02,0,0.02
15710,Back to the Future: The Game,XOne,2015,Adventure,Telltale Games,0,0.02,0,0,0.02
15714,TV Anime Idolm@ster: Cinderella Girls G4U! Pack Vol.3,PS3,2015,Action,Namco Bandai Games,0,0,0.02,0,0.02
15730,MX vs. ATV Supercross Encore,XOne,2015,Sports,Nordic Games,0.02,0,0,0,0.02
15743,TV Anime Idolm@ster: Cinderella Girls G4U! Pack Vol.4,PS3,2015,Action,Namco Bandai Games,0,0,0.02,0,0.02
15752,Abunai: Koi no Sousa Shitsu,PSV,2015,Action,Asgard,0,0,0.02,0,0.02
15772,Clock Zero: Shuuen no Ichibyou - ExTime,PSV,2015,Action,Idea Factory,0,0,0.02,0,0.02
15774,Root Infinity Rexx,PSV,2015,Adventure,Idea Factory,0,0,0.02,0,0.02
15783,Reine des Fleurs,PSV,2015,Action,Idea Factory,0,0,0.02,0,0.02
15796,Kaleidoeve,PSV,2015,Adventure,HuneX,0,0,0.02,0,0.02
15799,NHL 16,X360,2015,Sports,Electronic Arts,0,0.02,0,0,0.02
15812,WRC 5: FIA World Rally Championship,X360,2015,Sports,Bigben Interactive,0,0.02,0,0,0.02
15849,Psychedelica of the Black Butterfly,PSV,2015,Action,Idea Factory,0,0,0.02,0,0.02
15900,The Sims 4: Luxury Party Stuff,PC,2015,Simulation,Electronic Arts,0,0.01,0,0,0.02
15910,Saenai Kanojo no Sodatekata: Blessing Flowers,PSV,2015,Action,5pb,0,0,0.02,0,0.02
15928,Professional Farmer 2016,PS4,2015,Action,Namco Bandai Games,0,0.01,0,0,0.02
15933,Harukanaru Toki no Naka de 6,PSP,2015,Action,Tecmo Koei,0,0,0.02,0,0.02
15935,I Doll U,PSV,2015,Adventure,Idea Factory,0,0,0.02,0,0.02
15942,Barbie and Her Sisters Puppy Rescue,PS3,2015,Action,Namco Bandai Games,0,0.01,0,0,0.02
15956,Girl Friend Beta: Kimi to Sugosu Natsuyasumi,PSV,2015,Action,Namco Bandai Games,0,0,0.02,0,0.02
15972,Sid Meier's Civilization Revolution 2+,PSV,2015,Strategy,Take-Two Interactive,0,0,0.02,0,0.02
15981,Meiji Toukyou Renka: Twilight Kiss,PSP,2015,Action,Broccoli,0,0,0.02,0,0.02
15982,Xblaze: Lost Memories,PS3,2015,Adventure,Arc System Works,0.01,0,0,0,0.02
16040,WRC 5: FIA World Rally Championship,XOne,2015,Sports,Bigben Interactive,0,0.01,0,0,0.01
16046,Raven's Cry,PS4,2015,Role-Playing,TopWare Interactive,0,0.01,0,0,0.01
16067,Kaitou Joker: Toki o Koeru Kaitou to Ushinawareta Houseki,3DS,2015,Action,Namco Bandai Games,0,0,0.01,0,0.01
16075,Sousaku Alice to Oujisama!,3DS,2015,Simulation,Happinet,0,0,0.01,0,0.01
16078,Infinite Stratos 2: Love and Purge,PSV,2015,Action,5pb,0,0,0.01,0,0.01
16107,Barbie and Her Sisters Puppy Rescue,WiiU,2015,Action,Namco Bandai Games,0,0.01,0,0,0.01
16109,Higurashi no Naku Koro ni Iki,PS3,2015,Action,Kaga Create,0,0,0.01,0,0.01
16112,Paranormal Pursuit: The Gifted One,PC,2015,Action,Alawar Entertainment,0,0.01,0,0,0.01
16122,Hitotsu Tobashi Renai V,PSV,2015,Adventure,Kaga Create,0,0,0.01,0,0.01
16142,Norn + Nonette: Last Era,PSV,2015,Action,Idea Factory,0,0,0.01,0,0.01
16149,Fuuraiki 3,PSV,2015,Action,Unknown,0,0,0.01,0,0.01
16203,Hyakka Yakou,PSV,2015,Action,Unknown,0,0,0.01,0,0.01
16237,Broken Sword 5: The Serpent's Curse,XOne,2015,Adventure,Revolution Software,0,0.01,0,0,0.01
16269,Kurogane Kaikitan,PSV,2015,Adventure,Minato Station,0,0,0.01,0,0.01
16277,Farming Simulator 15 Expansion Pack,PC,2015,Action,Focus Home Interactive,0,0.01,0,0,0.01
16289,War for the Overworld,PC,2015,Strategy,Unknown,0,0.01,0,0,0.01
16299,Legend of Kay Anniversary,WiiU,2015,Action,Nordic Games,0,0.01,0,0,0.01
16301,Nitroplus Blasterz: Heroines Infinite Duel,PS3,2015,Fighting,Nitroplus,0,0,0.01,0,0.01
16306,Durarara!! Relay,PSV,2015,Action,Kadokawa Games,0,0,0.01,0,0.01
16314,Space Hulk,PSV,2015,Strategy,Funbox Media,0,0.01,0,0,0.01
16327,Professional Farmer 2016,PSV,2015,Action,Namco Bandai Games,0,0.01,0,0,0.01
16329,Dragon Quest X: All in One Package,WiiU,2015,Role-Playing,Square Enix,0,0,0.01,0,0.01
16336,Chaos;Child,PS4,2015,Adventure,5pb,0,0,0.01,0,0.01
16360,Mario vs. Donkey Kong: Tipping Stars,WiiU,2015,Puzzle,Nintendo,0,0,0.01,0,0.01
16364,Act of Aggression,PC,2015,Strategy,Focus Home Interactive,0,0.01,0,0,0.01
16366,Fallout Anthology,PC,2015,Action,Bethesda Softworks,0,0.01,0,0,0.01
16394,Handball 16,X360,2015,Sports,Bigben Interactive,0,0.01,0,0,0.01
16419,Chaos;Child,PS3,2015,Adventure,5pb,0,0,0.01,0,0.01
16455,Rugby League Live 3,XOne,2015,Action,Tru Blu Entertainment,0,0.01,0,0,0.01
16459,Art Academy: Home Studio,WiiU,2015,Misc,Nintendo,0,0,0.01,0,0.01
16462,Rugby World Cup 2015,PC,2015,Sports,Ubisoft,0,0.01,0,0,0.01
16463,"Horse Life 4: My Horse, My Friend, My Champion",3DS,2015,Action,Unknown,0,0.01,0,0,0.01
16474,MotoGP 15,X360,2015,Racing,Milestone S.r.l.,0,0.01,0,0,0.01
16480,"Shinobi, Koi Utsutsu: Setsugetsuka Koi Emaki",PSV,2015,Action,Idea Factory,0,0,0.01,0,0.01
16502,Irotoridori no Sekai: World's End Re-Birth,PSV,2015,Action,HuneX,0,0,0.01,0,0.01
16531,Kiniro no Corda 3,3DS,2015,Adventure,Tecmo Koei,0,0,0.01,0,0.01
16545,Mario & Luigi: Paper Jam & Mario Kart 7 Double Pack,3DS,2015,Misc,Nintendo,0,0,0.01,0,0.01
16551,Hakuoki: Reimeiroku - Omouhase Kara,PSV,2015,Action,Idea Factory,0,0,0.01,0,0.01
16568,Teslagrad,PSV,2015,Platform,Rain Games,0,0.01,0,0,0.01
